{
  "builtin_entity_scope": [
    "snips/datetime"
  ],
  "config": {
    "unit_name": "tfidf_vectorizer",
    "use_stemming": false,
    "word_clusters_name": null
  },
  "language_code": "en",
  "vectorizer": {
    "idf_diag": [
      4.339321977944068,
      3.0583881324820035,
      4.339321977944068,
      4.562465529258278,
      4.562465529258278,
      4.339321977944068,
      3.6461747973841225,
      4.562465529258278,
      3.0583881324820035,
      4.339321977944068,
      4.850147601710058,
      4.339321977944068,
      4.339321977944068,
      4.339321977944068,
      2.904237452654745,
      2.904237452654745,
      4.562465529258278,
      4.562465529258278,
      4.339321977944068,
      4.339321977944068,
      4.562465529258278,
      2.164570256459907,
      3.176171168138387,
      3.2407096892759584,
      4.562465529258278,
      4.562465529258278,
      4.850147601710058,
      3.751535313041949,
      3.751535313041949,
      4.850147601710058,
      4.562465529258278,
      4.339321977944068,
      4.850147601710058,
      3.751535313041949,
      4.339321977944068,
      3.5508646175797978,
      4.562465529258278,
      3.1155465463219523,
      4.157000421150114,
      4.562465529258278,
      4.562465529258278,
      4.339321977944068,
      4.562465529258278,
      3.6461747973841225,
      4.339321977944068,
      4.562465529258278,
      4.562465529258278,
      1.7591051483517428,
      4.339321977944068,
      3.6461747973841225,
      3.3097025607629096,
      3.6461747973841225,
      3.751535313041949,
      3.751535313041949
    ],
    "vocab": {
      "!": 0,
      "?": 1,
      "angeles": 2,
      "aviv": 3,
      "basement": 4,
      "bathroom": 5,
      "be": 6,
      "bedroom": 7,
      "builtinentityfeaturesnipsdatetime": 8,
      "can": 9,
      "cellar": 10,
      "dark": 11,
      "de": 12,
      "enlight": 13,
      "entityfeaturelocation": 14,
      "entityfeatureroom": 15,
      "expect": 16,
      "family": 17,
      "forecast": 18,
      "give": 19,
      "going": 20,
      "in": 21,
      "is": 22,
      "it": 23,
      "janeiro": 24,
      "kind": 25,
      "kitchen": 26,
      "light": 27,
      "lights": 28,
      "living": 29,
      "london": 30,
      "los": 31,
      "lounge": 32,
      "me": 33,
      "need": 34,
      "on": 35,
      "paris": 36,
      "please": 37,
      "put": 38,
      "rain": 39,
      "rio": 40,
      "room": 41,
      "should": 42,
      "some": 43,
      "sunny": 44,
      "tel": 45,
      "tell": 46,
      "the": 47,
      "tokyo": 48,
      "turn": 49,
      "weather": 50,
      "what": 51,
      "will": 52,
      "you": 53
    }
  }
}